lr.cell.name,lr.gene.name,obs.xy.diff,null.diff.sd,pvalue,stage,adj.p,Welch.t.stat,Welch.t.sd,Welch.t.p,adj.t.p,Ligand_s1,Ligand_s2,Ligand_s3,Ligand_s4,Ligand_s5,Ligand_s6,Ligand_s7,Ligand_s8,Ligand_s9,Ligand_s10,Ligand_s11,Ligand_s12,Ligand_s13,Ligand_s14,Ligand_s15,Ligand_s16,Ligand_s17,Ligand_s18,Ligand_s19,Ligand_s20,Ligand_s21,Receptor_s1,Receptor_s2,Receptor_s3,Receptor_s4,Receptor_s5,Receptor_s6,Receptor_s7,Receptor_s8,Receptor_s9,Receptor_s10,Receptor_s11,Receptor_s12,Receptor_s13,Receptor_s14,Receptor_s15,Receptor_s16,Receptor_s17,Receptor_s18,Receptor_s19,Receptor_s20,Receptor_s21,TX1.sd.limma.ligand,TX2.sd.limma.ligand,TX1.sd.limma.receptor,TX2.sd.limma.receptor
Endothelial cells-Endothelial cells,SERPING1-LRP1,15.5757,2.4401,4.08E-09,2,0.000190663,5.693,2.7359,0.000457,0.045857782,8.0453607,9.314644478,7.896940307,9.264847593,8.789308315,9.065645708,9.16266999,8.543120052,8.719942414,9.117769484,8.944046112,9.744713128,9.797653011,9.219122148,9.266891,9.42979732,10.11835994,9.28309389,9.687875371,9.64892436,9.411907889,4.330536303,4.943397399,4.661860431,4.77481411,4.153014745,6.59042814,5.507083286,5.447985665,6.281275854,5.530063611,5.74658199,6.385353215,6.587744461,5.233205721,5.714028584,5.98123856,6.30464957,4.92973355,6.313192639,6.023965023,6.127687774,0.46837021,0.46837021,0.456093707,0.456093707
MEP-Endothelial cells,PSAP-LRP1,12.1439,1.8716,5.91E-09,2,0.000190663,6.9014,1.7596,2.00E-05,0.013583579,6.462746466,7.221558239,6.682258945,6.416105062,7.122782676,7.885592875,7.236874308,7.642191153,7.557541877,7.277010634,7.332648697,7.367441446,7.125905786,6.436537134,7.08502346,7.166060032,7.198492868,7.009511649,7.436550923,7.438525666,7.254648064,4.330536303,4.943397399,4.661860431,4.77481411,4.153014745,6.59042814,5.507083286,5.447985665,6.281275854,5.530063611,5.74658199,6.385353215,6.587744461,5.233205721,5.714028584,5.98123856,6.30464957,4.92973355,6.313192639,6.023965023,6.127687774,0.325123248,0.325123248,0.456093707,0.456093707
Fibroblasts-Endothelial cells,PSAP-LRP1,21.8778,3.2521,2.88E-08,2,0.000582424,7.0742,3.0926,7.30E-05,0.021216694,12.07047188,13.32847661,12.79185843,13.39484698,13.45623117,13.95311501,14.13979353,13.54947304,13.52819229,13.65470089,13.87304989,14.0332837,13.6471533,13.2771612,13.87213836,13.63843878,13.8146366,13.67752263,13.67432249,13.94485023,13.6980985,4.330536303,4.943397399,4.661860431,4.77481411,4.153014745,6.59042814,5.507083286,5.447985665,6.281275854,5.530063611,5.74658199,6.385353215,6.587744461,5.233205721,5.714028584,5.98123856,6.30464957,4.92973355,6.313192639,6.023965023,6.127687774,0.348609353,0.348609353,0.456093707,0.456093707
Macrophages-Macrophages,PDCD1LG2-PDCD2,12.1461,2.0397,3.61E-08,2,0.000582424,4.7069,2.5805,0.005246,0.159435898,0,1.772872628,1.900398271,0,0,3.085460137,1.444467981,2.766387779,2.539566546,2.118447455,3.706945995,3.420957468,2.516222745,3.115640545,3.332629539,3.722467672,2.972566604,2.591898872,2.971988464,3.513313671,2.49734828,4.531717637,5.045692768,5.68061096,4.646061169,6.11722281,6.082571915,6.262122546,5.943163143,4.976802248,5.361318097,5.665119413,5.177944009,5.402831388,5.43202614,5.661265255,5.287769515,5.492856393,5.622860187,5.662055278,5.809150332,5.339670588,0.690012667,0.690012667,0.426054824,0.426054824
Fibroblasts-Endothelial cells,APP-LRP1,19.4247,2.9497,5.53E-08,2,0.000713729,8.0281,2.4196,5.00E-06,0.009488529,11.29208578,11.93390931,11.78833233,11.97611863,12.57888296,12.26456697,12.40030443,12.51280062,12.55088313,12.59447219,12.51281697,13.08249663,12.26509388,12.28938164,12.69660106,12.19847081,12.68203136,12.26298306,12.29717429,12.77696528,12.27639935,4.330536303,4.943397399,4.661860431,4.77481411,4.153014745,6.59042814,5.507083286,5.447985665,6.281275854,5.530063611,5.74658199,6.385353215,6.587744461,5.233205721,5.714028584,5.98123856,6.30464957,4.92973355,6.313192639,6.023965023,6.127687774,0.324963474,0.324963474,0.456093707,0.456093707
Fibroblasts-Endothelial cells,HSPG2-LRP1,16.1198,2.5876,8.57E-08,2,0.000921589,5.8101,2.7744,0.000515,0.04836802,8.627532575,9.314919084,9.161659619,9.454256642,8.144203993,10.72743597,10.1265004,10.28207995,9.264891008,9.259113794,10.03829214,9.521395313,9.860976789,9.298640062,9.429395962,8.785516631,9.580333752,9.670666687,9.639100385,9.859950112,9.048793878,4.330536303,4.943397399,4.661860431,4.77481411,4.153014745,6.59042814,5.507083286,5.447985665,6.281275854,5.530063611,5.74658199,6.385353215,6.587744461,5.233205721,5.714028584,5.98123856,6.30464957,4.92973355,6.313192639,6.023965023,6.127687774,0.500015122,0.500015122,0.456093707,0.456093707
Fibroblasts-Endothelial cells,LIPC-LRP1,16.9274,2.6257,1.42E-07,2,0.001308267,4.2651,3.9688,0.011903,0.230948253,0,3.80359808,3.344187881,0,2.820199425,3.798985005,5.156926563,4.610288449,4.52147672,3.997516081,4.490324785,4.661132514,4.503309938,4.816000474,4.091188065,4.698426399,4.359128449,4.814218672,3.964303674,4.330388946,4.090998586,4.330536303,4.943397399,4.661860431,4.77481411,4.153014745,6.59042814,5.507083286,5.447985665,6.281275854,5.530063611,5.74658199,6.385353215,6.587744461,5.233205721,5.714028584,5.98123856,6.30464957,4.92973355,6.313192639,6.023965023,6.127687774,0.874952203,0.874952203,0.456093707,0.456093707
Macrophages-Smooth muscle cells,PDCD1LG2-PDCD2,14.6331,2.4074,1.85E-07,2,0.0014892,4.563,3.2069,0.005925,0.168587907,0,1.772872628,1.900398271,0,0,3.085460137,1.444467981,2.766387779,2.539566546,2.118447455,3.706945995,3.420957468,2.516222745,3.115640545,3.332629539,3.722467672,2.972566604,2.591898872,2.971988464,3.513313671,2.49734828,6.645366995,6.776024084,6.662966852,6.150004979,6.306731605,7.105436767,6.90664587,6.139498034,6.563230607,6.684838382,6.74966527,6.735431852,6.542675067,6.915301068,6.940503117,6.727433186,6.817943999,6.714606692,7.003483445,6.812237096,6.693351491,0.690012667,0.690012667,0.252420166,0.252420166
Macrophages-Endothelial cells,APP-LRP1,10.3532,1.7565,2.46E-07,2,0.001761664,5.8111,1.7816,9.70E-05,0.024992711,6.62944419,6.914782078,6.192894181,6.243852437,6.29915127,7.117984264,6.656127573,6.390849906,6.814135669,6.580409048,6.978534682,6.891663804,7.23731643,6.116237073,7.047419295,6.184599442,6.985657973,6.434487943,6.882097559,6.654218846,6.606059829,4.330536303,4.943397399,4.661860431,4.77481411,4.153014745,6.59042814,5.507083286,5.447985665,6.281275854,5.530063611,5.74658199,6.385353215,6.587744461,5.233205721,5.714028584,5.98123856,6.30464957,4.92973355,6.313192639,6.023965023,6.127687774,0.325116441,0.325116441,0.456093707,0.456093707
Lymphatic-Endothelial cells,PSAP-LRP1,12.5947,2.0953,2.73E-07,2,0.001761664,6.0421,2.0845,0.000312,0.03924145,5.395610562,6.304121765,6.475634762,7.0871109,7.286453469,6.944893424,7.002430167,6.329815222,7.209004258,7.096317469,7.072590806,7.758331345,7.215827244,6.558747327,7.359906842,7.47598772,7.338158372,7.341278694,7.093534652,7.303847326,7.236717521,4.330536303,4.943397399,4.661860431,4.77481411,4.153014745,6.59042814,5.507083286,5.447985665,6.281275854,5.530063611,5.74658199,6.385353215,6.587744461,5.233205721,5.714028584,5.98123856,6.30464957,4.92973355,6.313192639,6.023965023,6.127687774,0.447438454,0.447438454,0.456093707,0.456093707
Endothelial cells-Endothelial cells,AGRN-LRP1,11.872,1.8923,3.03E-07,2,0.00177615,6.441,1.8432,0.00035,0.041512316,5.252275461,5.552409128,6.090701012,6.695939618,5.934035605,6.860863073,6.633446957,6.92894083,5.83620815,6.490387495,6.46458475,6.703825564,6.864673788,6.772374297,6.486728044,5.98123856,7.01628821,6.857573832,6.216617962,6.283299564,6.846967311,4.330536303,4.943397399,4.661860431,4.77481411,4.153014745,6.59042814,5.507083286,5.447985665,6.281275854,5.530063611,5.74658199,6.385353215,6.587744461,5.233205721,5.714028584,5.98123856,6.30464957,4.92973355,6.313192639,6.023965023,6.127687774,0.397403146,0.397403146,0.456093707,0.456093707
Macrophages-Endothelial cells,SERPING1-LRP1,16.191,2.4938,3.41E-07,2,0.00183278,5.7331,2.8242,0.000167,0.029765674,5.597598587,7.160058603,5.465451016,6.788000886,6.408824858,7.57517078,7.004503703,6.446772036,7.497676259,7.364317996,7.691761597,8.448591814,8.330988445,6.302948129,7.682837768,7.850801198,8.348078291,6.54738926,8.228575299,8.046805898,7.615825186,4.330536303,4.943397399,4.661860431,4.77481411,4.153014745,6.59042814,5.507083286,5.447985665,6.281275854,5.530063611,5.74658199,6.385353215,6.587744461,5.233205721,5.714028584,5.98123856,6.30464957,4.92973355,6.313192639,6.023965023,6.127687774,0.675455686,0.675455686,0.456093707,0.456093707
Endothelial cells-Endothelial cells,PSAP-LRP1,15.0665,2.3916,4.55E-07,2,0.001936298,6.9998,2.1524,1.60E-05,0.013067747,9.407664432,9.701871292,9.427809981,10.01582886,9.883577987,10.36132875,9.996942286,9.617152168,9.771386613,9.957195,10.03034683,10.37390113,10.2122852,9.77089274,10.06652231,10.03064839,10.11413297,9.821799669,10.15173545,9.931808689,10.09336932,4.330536303,4.943397399,4.661860431,4.77481411,4.153014745,6.59042814,5.507083286,5.447985665,6.281275854,5.530063611,5.74658199,6.385353215,6.587744461,5.233205721,5.714028584,5.98123856,6.30464957,4.92973355,6.313192639,6.023965023,6.127687774,0.238736415,0.238736415,0.456093707,0.456093707
Macrophages-Endothelial cells,A2M-LRP1,13.7217,2.1537,4.55E-07,2,0.001936298,7.087,1.9362,2.50E-05,0.014049145,5.9323494,6.601238254,7.052442282,6.788000886,6.737900167,7.446891703,7.435982225,6.33267239,7.398253276,7.572851497,8.317637784,7.653057185,7.729667206,7.171221112,7.873542005,7.327114242,7.549970927,7.019482599,7.594423549,7.241511225,7.191819952,4.330536303,4.943397399,4.661860431,4.77481411,4.153014745,6.59042814,5.507083286,5.447985665,6.281275854,5.530063611,5.74658199,6.385353215,6.587744461,5.233205721,5.714028584,5.98123856,6.30464957,4.92973355,6.313192639,6.023965023,6.127687774,0.419201262,0.419201262,0.456093707,0.456093707
Fibroblasts-Endothelial cells,LRPAP1-LRP1,16.5528,2.5872,4.75E-07,2,0.001936298,6.3928,2.5893,0.000267,0.036116088,10.16882025,11.32362616,10.18959761,10.97076587,11.0931181,11.11391842,11.87164457,11.04784717,10.9657677,11.06117998,10.98507301,11.08904346,11.10660961,10.87761721,10.98045763,11.13920139,11.19813406,11.07221123,11.06529354,11.06390682,11.0974238,4.330536303,4.943397399,4.661860431,4.77481411,4.153014745,6.59042814,5.507083286,5.447985665,6.281275854,5.530063611,5.74658199,6.385353215,6.587744461,5.233205721,5.714028584,5.98123856,6.30464957,4.92973355,6.313192639,6.023965023,6.127687774,0.332899732,0.332899732,0.456093707,0.456093707
Endothelial cells-Endothelial cells,A2M-LRP1,17.0678,2.7755,5.25E-07,2,0.001936298,7.0494,2.4212,0.000151,0.028930218,10.28572439,10.38545282,11.39494548,10.6976395,10.3061402,11.14029451,10.62533905,11.45215585,10.55424346,11.21197808,11.31780959,11.13964847,10.74192145,11.24114228,11.0493912,11.30410932,11.25841477,11.34758931,11.04260079,10.95121879,11.19150368,4.330536303,4.943397399,4.661860431,4.77481411,4.153014745,6.59042814,5.507083286,5.447985665,6.281275854,5.530063611,5.74658199,6.385353215,6.587744461,5.233205721,5.714028584,5.98123856,6.30464957,4.92973355,6.313192639,6.023965023,6.127687774,0.320338555,0.320338555,0.456093707,0.456093707
Macrophages-Fibroblasts,PDCD1LG2-PDCD2,19.6619,3.222,5.39E-07,2,0.001936298,4.6881,4.194,0.005216,0.159095342,0,1.772872628,1.900398271,0,0,3.085460137,1.444467981,2.766387779,2.539566546,2.118447455,3.706945995,3.420957468,2.516222745,3.115640545,3.332629539,3.722467672,2.972566604,2.591898872,2.971988464,3.513313671,2.49734828,9.096004231,8.908851508,8.65035884,8.167717682,8.866690977,8.993224701,8.908394511,9.01220736,8.796782555,9.062482872,8.899815568,9.049727654,8.83373511,9.138967712,9.04346534,9.309760887,8.848922658,8.955777581,9.27594195,9.039963563,8.954200609,0.690012667,0.690012667,0.24939876,0.24939876
Smooth muscle cells-Endothelial cells,SERPING1-LRP1,15.2313,2.5404,5.62E-07,2,0.001936298,5.4335,2.8032,0.00057,0.050727641,8.709295653,10.11668378,10.0842197,9.892150918,9.73938708,10.41566224,9.602088043,9.857408665,9.526391905,10.06553704,10.39818773,10.20784697,10.30221482,9.679056005,10.17178803,9.846772066,10.29499597,9.722785129,10.81261183,10.14514607,10.1225822,4.330536303,4.943397399,4.661860431,4.77481411,4.153014745,6.59042814,5.507083286,5.447985665,6.281275854,5.530063611,5.74658199,6.385353215,6.587744461,5.233205721,5.714028584,5.98123856,6.30464957,4.92973355,6.313192639,6.023965023,6.127687774,0.406485784,0.406485784,0.456093707,0.456093707
Endothelial cells-Endothelial cells,LRPAP1-LRP1,11.759,1.9086,5.70E-07,2,0.001936298,6.2201,1.8905,0.000283,0.036963008,6.909495938,7.718755983,6.990965642,7.77213629,7.678953582,7.735967243,7.664927346,7.402923506,7.613578817,7.93291454,7.647237902,7.57942616,7.9797559,7.735097503,7.621730079,7.991379912,7.907015286,7.729720218,7.780166082,7.712125685,7.441878016,4.330536303,4.943397399,4.661860431,4.77481411,4.153014745,6.59042814,5.507083286,5.447985665,6.281275854,5.530063611,5.74658199,6.385353215,6.587744461,5.233205721,5.714028584,5.98123856,6.30464957,4.92973355,6.313192639,6.023965023,6.127687774,0.261240855,0.261240855,0.456093707,0.456093707
MEP-Endothelial cells,HSPG2-LRP1,8.7034,1.5923,6.68E-07,2,0.002155996,6.7529,1.2888,5.40E-05,0.019286467,5.146574217,4.609248073,4.415456097,5.176530582,4.532273286,5.790309098,6.007030287,5.092893195,5.417657762,4.912667157,5.060289609,5.075480187,4.968207964,5.484090968,4.864742945,4.660045894,4.606347943,5.207771106,5.235166483,5.047316458,5.180167111,4.330536303,4.943397399,4.661860431,4.77481411,4.153014745,6.59042814,5.507083286,5.447985665,6.281275854,5.530063611,5.74658199,6.385353215,6.587744461,5.233205721,5.714028584,5.98123856,6.30464957,4.92973355,6.313192639,6.023965023,6.127687774,0.363460945,0.363460945,0.456093707,0.456093707
Endothelial cells-Endothelial cells,PDGFB-LRP1,12.4912,2.1699,8.26E-07,2,0.002508018,5.2855,2.3633,0.001644,0.085337223,4.330536303,4.5569966,6.138904822,5.6703044,4.402469656,6.030577977,5.0410422,6.307353434,6.582592946,6.056394266,6.802827014,6.385353215,5.663570112,5.173471825,5.863280652,6.136415435,6.009294914,6.314879512,6.139692786,5.602775874,5.87341575,4.330536303,4.943397399,4.661860431,4.77481411,4.153014745,6.59042814,5.507083286,5.447985665,6.281275854,5.530063611,5.74658199,6.385353215,6.587744461,5.233205721,5.714028584,5.98123856,6.30464957,4.92973355,6.313192639,6.023965023,6.127687774,0.548147693,0.548147693,0.456093707,0.456093707
Fibroblasts-Fibroblasts,ECM1-CACHD1,12.5528,2.4759,8.72E-07,2,0.002508018,6.3983,1.9619,0.001249,0.075165424,9.442790701,11.21477359,10.29732201,10.00539847,10.09043952,11.73480262,12.15382239,11.90985954,11.3197714,11.22548297,11.71306395,11.28301338,11.04110167,11.46182789,11.32801441,11.60149096,11.17329824,11.257818,11.15369018,11.47183934,10.82715952,7.964850473,7.239405065,7.272478337,7.09085192,7.070144605,7.253879769,7.446136396,7.517233801,8.076138931,8.167999985,7.418019027,7.877138859,7.667757144,7.795893981,7.322328411,7.274889913,7.756717583,7.533114672,7.715328708,7.683903588,7.870283376,0.427791583,0.427791583,0.318732378,0.318732378
Smooth muscle cells-Endothelial cells,PSAP-LRP1,14.5129,2.5267,8.94E-07,2,0.002508018,6.0163,2.4123,0.000189,0.031595825,9.159476582,10.05575141,9.743452494,10.32782704,10.28781036,10.46493559,10.07253494,9.892994642,9.927215991,10.30815329,10.06617692,10.18250189,10.27327969,9.712374375,9.980973708,10.17615739,10.11195122,9.912490999,10.40610061,10.15259531,10.060543,4.330536303,4.943397399,4.661860431,4.77481411,4.153014745,6.59042814,5.507083286,5.447985665,6.281275854,5.530063611,5.74658199,6.385353215,6.587744461,5.233205721,5.714028584,5.98123856,6.30464957,4.92973355,6.313192639,6.023965023,6.127687774,0.295360132,0.295360132,0.456093707,0.456093707
Smooth muscle cells-Endothelial cells,LRPAP1-LRP1,11.7085,2.044,1.03E-06,2,0.002782154,5.3769,2.1775,0.000934,0.065993186,7.579551047,8.303093547,7.542087892,8.830573492,8.338369761,8.314358987,8.067364475,8.49213308,8.209603408,8.321953783,8.273170358,8.163731827,8.45575554,8.046270229,8.100514494,8.264939675,8.177822406,8.097103328,8.550907891,8.388615651,8.110433491,4.330536303,4.943397399,4.661860431,4.77481411,4.153014745,6.59042814,5.507083286,5.447985665,6.281275854,5.530063611,5.74658199,6.385353215,6.587744461,5.233205721,5.714028584,5.98123856,6.30464957,4.92973355,6.313192639,6.023965023,6.127687774,0.300752261,0.300752261,0.456093707,0.456093707
Macrophages-Endothelial cells,PDCD1LG2-PDCD2,15.0034,2.4185,1.20E-06,2,0.003098566,4.7318,3.1708,0.005423,0.160800922,0,1.772872628,1.900398271,0,0,3.085460137,1.444467981,2.766387779,2.539566546,2.118447455,3.706945995,3.420957468,2.516222745,3.115640545,3.332629539,3.722467672,2.972566604,2.591898872,2.971988464,3.513313671,2.49734828,6.909495938,6.897540046,6.494273674,6.514600942,6.668764318,6.860863073,7.131051846,6.749946402,6.856030096,7.280398555,6.627211254,6.662412377,6.578737182,6.50795194,6.970845108,6.794397267,6.979583441,6.940702963,7.142627749,7.130599129,7.19726032,0.690012667,0.690012667,0.244132465,0.244132465
Fibroblasts-Endothelial cells,SERPING1-LRP1,21.3732,3.6222,1.27E-06,2,0.003143921,6.4235,3.3273,0.000195,0.031612538,12.2944151,13.35295624,11.9984033,13.65376612,13.08928119,13.09078291,13.23016293,13.159931,13.0006141,13.78622176,12.93693131,14.08692005,13.7673026,13.4070682,13.73368438,13.53670145,14.06535397,13.6639356,13.54262215,14.09856624,13.92936804,4.330536303,4.943397399,4.661860431,4.77481411,4.153014745,6.59042814,5.507083286,5.447985665,6.281275854,5.530063611,5.74658199,6.385353215,6.587744461,5.233205721,5.714028584,5.98123856,6.30464957,4.92973355,6.313192639,6.023965023,6.127687774,0.474891857,0.474891857,0.456093707,0.456093707
Macrophages-T cells,PDCD1LG2-PDCD2,9.7386,1.6494,1.42E-06,2,0.003394156,4.4114,2.2076,0.006913,0.181935199,0,1.772872628,1.900398271,0,0,3.085460137,1.444467981,2.766387779,2.539566546,2.118447455,3.706945995,3.420957468,2.516222745,3.115640545,3.332629539,3.722467672,2.972566604,2.591898872,2.971988464,3.513313671,2.49734828,3.660209206,4.527233561,4.711025359,4.529678352,4.288445601,4.128293438,4.65798843,4.448929118,4.420405947,4.051077478,4.755820144,4.485875563,4.776181242,4.568266517,4.739071929,4.40398426,4.610043578,4.549833737,4.770242938,4.585318252,4.553736073,0.690012667,0.690012667,0.264763609,0.264763609
Endothelial cells-Endothelial cells,HSPG2-LRP1,15.4853,2.6831,1.88E-06,2,0.004339519,5.0782,3.0494,0.002552,0.108800968,8.388156222,8.666335065,10.41579914,9.822257423,8.339775741,9.953032666,9.600819757,10.46239529,8.803563041,9.43761137,9.927047829,10.1487474,9.608147349,10.14202791,9.434320531,9.36325901,9.719839825,9.898068382,10.10528797,8.98892358,9.511302361,4.330536303,4.943397399,4.661860431,4.77481411,4.153014745,6.59042814,5.507083286,5.447985665,6.281275854,5.530063611,5.74658199,6.385353215,6.587744461,5.233205721,5.714028584,5.98123856,6.30464957,4.92973355,6.313192639,6.023965023,6.127687774,0.565885875,0.565885875,0.456093707,0.456093707
Endothelial cells-Fibroblasts,ECM1-CACHD1,14.2589,2.4351,2.31E-06,2,0.004999517,4.9462,2.8828,0.004056,0.139533984,3.149391772,5.499143246,4.523457252,3.621031045,4.128043506,6.614029431,6.536436253,5.596679998,6.281275854,5.643137141,5.641732293,6.165834271,6.198427538,4.906229026,5.502726006,5.46083816,6.49872206,5.560208452,5.782957109,5.896759018,5.419725499,7.964850473,7.239405065,7.272478337,7.09085192,7.070144605,7.253879769,7.446136396,7.517233801,8.076138931,8.167999985,7.418019027,7.877138859,7.667757144,7.795893981,7.322328411,7.274889913,7.756717583,7.533114672,7.715328708,7.683903588,7.870283376,0.577263453,0.577263453,0.318732378,0.318732378
Macrophages-Endothelial cells,IGF1-INSR,20.6818,3.7031,2.32E-06,2,0.004999517,3.518,5.8789,0.020432,0.288549272,2.05709815,3.837474526,5.784415397,2.664899387,3.748408032,4.8619942,5.718326881,4.783072693,6.270976075,5.853458995,6.639971509,5.359518394,6.042454319,5.410513855,6.103411872,7.145108555,6.281886752,5.008060389,6.296272353,5.558864772,6.019900069,6.376814872,6.80180428,8.087074594,7.001888394,7.438639194,8.470223369,6.841781418,8.88430742,7.336743121,8.120364032,8.253122655,8.483535725,7.884288476,8.526177015,7.535379441,8.40160285,8.802586344,8.878649725,7.878136987,7.809521786,7.618158836,0.844558723,0.844558723,0.584978138,0.584978138
Macrophages-Endothelial cells,PSAP-LRP1,15.4425,2.7915,2.51E-06,2,0.005223743,6.2867,2.4564,0.000176,0.030444697,9.86671921,10.80316881,10.21996566,10.65185094,10.63776289,11.22715069,10.77185981,10.35833136,9.94822019,10.36030915,11.57796783,10.45425532,10.63654976,10.81149232,10.70988854,10.31094169,10.31236996,10.77815275,11.05326344,10.85991308,10.70684533,4.330536303,4.943397399,4.661860431,4.77481411,4.153014745,6.59042814,5.507083286,5.447985665,6.281275854,5.530063611,5.74658199,6.385353215,6.587744461,5.233205721,5.714028584,5.98123856,6.30464957,4.92973355,6.313192639,6.023965023,6.127687774,0.391560477,0.391560477,0.456093707,0.456093707
Lymphatic-Fibroblasts,CALM2-PDE1A,10.2115,1.8304,3.31E-06,2,0.006672881,5.5157,1.8513,0.001211,0.074359161,6.378372202,7.170267991,6.620906474,7.093787411,6.750667404,7.506156492,7.082548951,7.196108779,6.96687379,7.398255608,7.1434124,7.527362643,7.63749281,7.293070488,7.40543605,6.95479325,7.155548214,6.649361279,7.15524561,7.230024275,6.801073029,8.161149959,8.298545401,8.138365738,8.551206856,8.229243142,9.047995363,9.285383931,8.952823987,9.709936762,8.939032188,9.091857741,9.897249629,9.525100587,8.428296962,9.363701275,9.018006176,9.307500704,9.768397929,9.137675874,9.295405552,9.252242642,0.279481847,0.279481847,0.349560824,0.349560824
Fibroblasts-Macrophages,LIPC-LRP1,17.1684,3.158,4.54E-06,2,0.008866901,3.3479,5.1281,0.02734,0.326914655,0,3.80359808,3.344187881,0,2.820199425,3.798985005,5.156926563,4.610288449,4.52147672,3.997516081,4.490324785,4.661132514,4.503309938,4.816000474,4.091188065,4.698426399,4.359128449,4.814218672,3.964303674,4.330388946,4.090998586,4.880360199,6.527547081,5.894567402,6.822455433,5.137857476,6.847936585,6.415481437,6.432993406,6.372263143,6.036000035,6.51476453,7.322017072,6.93735847,5.962113627,6.787881592,6.457202037,6.723785969,5.708599829,7.052989211,6.757059613,6.461417948,0.874952203,0.874952203,0.524543351,0.524543351
Fibroblasts-Smooth muscle cells,LIPC-LRP1,17.4636,3.408,5.09E-06,2,0.009658676,3.0087,5.8044,0.03846,0.376786535,0,3.80359808,3.344187881,0,2.820199425,3.798985005,5.156926563,4.610288449,4.52147672,3.997516081,4.490324785,4.661132514,4.503309938,4.816000474,4.091188065,4.698426399,4.359128449,4.814218672,3.964303674,4.330388946,4.090998586,6.682960463,6.832470305,7.29237461,6.999997358,6.654010633,7.559978965,6.773334867,7.788392619,7.466065727,7.288426687,7.348872264,7.256386231,7.099104729,6.666037187,6.740026853,6.291714893,6.86334804,6.480979316,7.193136474,7.16144045,7.220897952,0.874952203,0.874952203,0.382553177,0.382553177
,,,,,,,,,,,,,,,,,,,,,,,,,,,,,,,,,,,,,,,,,,,,,,,,,,,,,,,,
,,,,,,,,,,,,,,,,,,,,,,,,,,,,,,,,,,,,,,,,,,,,,,,,,,,,,,,,
,,,,,,,,,,,,,,,,,,,,,,,,,,,,,,,,,,,,,,,,,,,,,,,,,,,,,,,,
,,,,,,,,,,,,,,,,,,,,,,,,,,,,,,,,,,,,,,,,,,,,,,,,,,,,,,,,
,,,,,,,,,,,,,,,,,,,,,,,,,,,,,,,,,,,,,,,,,,,,,,,,,,,,,,,,
,,,,,,,,,,,,,,,,,,,,,,,,,,,,,,,,,,,,,,,,,,,,,,,,,,,,,,,,
,,,,,,,,,,,,,,,,,,,,,,,,,,,,,,,,,,,,,,,,,,,,,,,,,,,,,,,,
,,,,,,,,,,,,,,,,,,,,,,,,,,,,,,,,,,,,,,,,,,,,,,,,,,,,,,,,
,,,,,,,,,,,,,,,,,,,,,,,,,,,,,,,,,,,,,,,,,,,,,,,,,,,,,,,,
,,,,,,,,,,,,,,,,,,,,,,,,,,,,,,,,,,,,,,,,,,,,,,,,,,,,,,,,
,,,,,,,,,,,,,,,,,,,,,,,,,,,,,,,,,,,,,,,,,,,,,,,,,,,,,,,,
,,,,,,,,,,,,,,,,,,,,,,,,,,,,,,,,,,,,,,,,,,,,,,,,,,,,,,,,
,,,,,,,,,,,,,,,,,,,,,,,,,,,,,,,,,,,,,,,,,,,,,,,,,,,,,,,,
,,,,,,,,,,,,,,,,,,,,,,,,,,,,,,,,,,,,,,,,,,,,,,,,,,,,,,,,
,,,,,,,,,,,,,,,,,,,,,,,,,,,,,,,,,,,,,,,,,,,,,,,,,,,,,,,,
,,,,,,,,,,,,,,,,,,,,,,,,,,,,,,,,,,,,,,,,,,,,,,,,,,,,,,,,
,,,,,,,,,,,,,,,,,,,,,,,,,,,,,,,,,,,,,,,,,,,,,,,,,,,,,,,,
,,,,,,,,,,,,,,,,,,,,,,,,,,,,,,,,,,,,,,,,,,,,,,,,,,,,,,,,
,,,,,,,,,,,,,,,,,,,,,,,,,,,,,,,,,,,,,,,,,,,,,,,,,,,,,,,,
,,,,,,,,,,,,,,,,,,,,,,,,,,,,,,,,,,,,,,,,,,,,,,,,,,,,,,,,
,,,,,,,,,,,,,,,,,,,,,,,,,,,,,,,,,,,,,,,,,,,,,,,,,,,,,,,,
,,,,,,,,,,,,,,,,,,,,,,,,,,,,,,,,,,,,,,,,,,,,,,,,,,,,,,,,
,,,,,,,,,,,,,,,,,,,,,,,,,,,,,,,,,,,,,,,,,,,,,,,,,,,,,,,,
,,,,,,,,,,,,,,,,,,,,,,,,,,,,,,,,,,,,,,,,,,,,,,,,,,,,,,,,
,,,,,,,,,,,,,,,,,,,,,,,,,,,,,,,,,,,,,,,,,,,,,,,,,,,,,,,,
,,,,,,,,,,,,,,,,,,,,,,,,,,,,,,,,,,,,,,,,,,,,,,,,,,,,,,,,
,,,,,,,,,,,,,,,,,,,,,,,,,,,,,,,,,,,,,,,,,,,,,,,,,,,,,,,,
,,,,,,,,,,,,,,,,,,,,,,,,,,,,,,,,,,,,,,,,,,,,,,,,,,,,,,,,
,,,,,,,,,,,,,,,,,,,,,,,,,,,,,,,,,,,,,,,,,,,,,,,,,,,,,,,,
,,,,,,,,,,,,,,,,,,,,,,,,,,,,,,,,,,,,,,,,,,,,,,,,,,,,,,,,
,,,,,,,,,,,,,,,,,,,,,,,,,,,,,,,,,,,,,,,,,,,,,,,,,,,,,,,,
,,,,,,,,,,,,,,,,,,,,,,,,,,,,,,,,,,,,,,,,,,,,,,,,,,,,,,,,
,,,,,,,,,,,,,,,,,,,,,,,,,,,,,,,,,,,,,,,,,,,,,,,,,,,,,,,,
,,,,,,,,,,,,,,,,,,,,,,,,,,,,,,,,,,,,,,,,,,,,,,,,,,,,,,,,
,,,,,,,,,,,,,,,,,,,,,,,,,,,,,,,,,,,,,,,,,,,,,,,,,,,,,,,,
,,,,,,,,,,,,,,,,,,,,,,,,,,,,,,,,,,,,,,,,,,,,,,,,,,,,,,,,
,,,,,,,,,,,,,,,,,,,,,,,,,,,,,,,,,,,,,,,,,,,,,,,,,,,,,,,,